,method,x_max,z_max,n_cells,mean_runtime_s,std_runtime_s,mean_memory_mib,std_memory_mib,n_successful_runs,runtime_s,additional_peak_memory_mib
0,CMD,32,16,512,0.011514148488640786,0.0009968799959095558,91.7953125,0.0021395412402527712,5,0.012 ± 0.001,91.8 ± 0.0
1,CMD,32,32,1024,0.021509530767798424,0.0030383171820086955,94.478125,3.723855599362351,5,0.022 ± 0.003,94.5 ± 3.7
2,CMD,64,16,1024,0.023523629084229468,0.0032883359521036163,96.75703125,6.726382383622204,5,0.024 ± 0.003,96.8 ± 6.7
3,CMD,128,16,2048,0.12414260283112526,0.038918990455095524,151.325,30.991215771845575,5,0.124 ± 0.039,151.3 ± 31.0
4,CMD,128,32,4096,0.5655418938025832,0.22868475350069656,357.92890625,137.03510428877004,5,0.566 ± 0.229,357.9 ± 137.0
5,CMD,256,32,8192,1.7754124332219363,0.5386834577815521,721.728125,224.33277341178558,5,1.775 ± 0.539,721.7 ± 224.3
6,CMD,512,32,16384,19.380660507641732,12.279703973809756,4927.76953125,3097.85497115379,5,19.381 ± 12.280,4927.8 ± 3097.9
7,CMD,512,64,32768,70.72441344242543,11.753561365671167,11451.96953125,2653.8348340417288,5,70.724 ± 11.754,11452.0 ± 2653.8
8,GSTools,32,16,512,0.03350756336003542,0.0015394348842016241,91.93125,0.16396016153417367,5,0.034 ± 0.002,91.9 ± 0.2
9,GSTools,32,32,1024,0.05442180950194597,0.00026814278813208804,91.7875,0.016937096397406724,5,0.054 ± 0.000,91.8 ± 0.0
10,GSTools,64,16,1024,0.055236596055328845,0.0017341139266164854,91.82578125,0.022877422600542326,5,0.055 ± 0.002,91.8 ± 0.0
11,GSTools,128,16,2048,0.11048144400119782,0.015612674467484095,91.78359375,0.010186253758129956,5,0.110 ± 0.016,91.8 ± 0.0
12,GSTools,128,32,4096,0.1988322412595153,0.0007210041311915048,91.78359375,0.004453810254294598,5,0.199 ± 0.001,91.8 ± 0.0
13,GSTools,256,32,8192,0.355202760361135,0.0005707017964209829,91.790625,0.008992862838455096,5,0.355 ± 0.001,91.8 ± 0.0
14,GSTools,512,32,16384,0.6670506440103054,0.001169036178748467,91.99296875,0.42980644660471073,5,0.667 ± 0.001,92.0 ± 0.4
15,GSTools,512,64,32768,1.2794958338141442,0.010752813638798783,92.1828125,0.5427537231598747,5,1.279 ± 0.011,92.2 ± 0.5
